-- MISSIONS 
INSERT INTO MISSIONS
(id_mis, date_depart, date_arriv, statut_mis, lieu_dep_mis, destination_mis, distance)
VALUES
(1,  '2024-01-05 08:00:00', '2024-01-05 16:00:00', 'planifiée', 'Paris',      'Lyon',         465),
(2,  '2024-01-12 07:30:00', '2024-01-12 14:45:00', 'en_cours',  'Lyon',       'Marseille',    315),
(3,  '2024-01-20 09:00:00', '2024-01-20 13:30:00', 'terminée',  'Marseille',  'Nice',         200),
(4,  '2024-01-28 06:45:00', '2024-01-28 18:15:00', 'annulée',   'Paris',      'Bordeaux',     590),
(5,  '2024-02-03 08:10:00', '2024-02-03 17:00:00', 'planifiée', 'Lille',      'Rennes',       600),
(6,  '2024-02-11 09:30:00', '2024-02-11 15:00:00', 'en_cours',  'Paris',      'Nantes',       380),
(7,  '2024-02-19 07:00:00', '2024-02-19 12:30:00', 'terminée',  'Bordeaux',   'Toulouse',     245),
(8,  '2024-02-27 10:00:00', '2024-02-27 18:30:00', 'annulée',   'Paris',      'Strasbourg',   490),
(9,  '2024-03-04 08:00:00', '2024-03-04 14:00:00', 'planifiée', 'Marseille',  'Montpellier',  170),
(10, '2024-03-10 09:15:00', '2024-03-10 16:50:00', 'en_cours',  'Paris',      'Lille',        225),
(11, '2024-03-18 08:30:00', '2024-03-18 17:20:00', 'terminée',  'Lyon',       'Grenoble',     110),
(12, '2024-03-26 06:50:00', '2024-03-26 12:10:00', 'annulée',   'Paris',      'Dijon',        315),
(13, '2024-04-02 07:20:00', '2024-04-02 14:40:00', 'planifiée', 'Paris',      'Bordeaux',     590),
(14, '2024-04-09 10:00:00', '2024-04-09 18:30:00', 'en_cours',  'Bordeaux',   'Nantes',       330),
(15, '2024-04-16 07:45:00', '2024-04-16 13:30:00', 'terminée',  'Lille',      'Strasbourg',   520),
(16, '2024-04-23 08:10:00', '2024-04-23 11:45:00', 'annulée',   'Paris',      'Chartres',     90),
(17, '2024-05-01 07:40:00', '2024-05-01 16:20:00', 'planifiée', 'Paris',      'Rennes',       350),
(18, '2024-05-08 09:05:00', '2024-05-08 14:50:00', 'en_cours',  'Lyon',       'Dijon',        200),
(19, '2024-05-15 06:30:00', '2024-05-15 13:35:00', 'terminée',  'Marseille',  'Nice',         200),
(20, '2024-05-22 10:00:00', '2024-05-22 19:00:00', 'annulée',   'Paris',      'Toulouse',     680),
(21, '2024-05-29 08:00:00', '2024-05-29 14:10:00', 'planifiée', 'Paris',      'Lyon',         465),
(22, '2024-06-04 09:30:00', '2024-06-04 17:30:00', 'en_cours',  'Lille',      'Bordeaux',     790),
(23, '2024-06-11 07:15:00', '2024-06-11 13:45:00', 'terminée',  'Paris',      'Nantes',       380),
(24, '2024-06-18 10:10:00', '2024-06-18 18:30:00', 'annulée',   'Strasbourg', 'Lille',        520),
(25, '2024-06-25 08:35:00', '2024-06-25 15:55:00', 'planifiée', 'Paris',      'Marseille',    775),
(26, '2024-07-02 09:20:00', '2024-07-02 13:50:00', 'en_cours',  'Bordeaux',   'Toulouse',     245),
(27, '2024-07-09 07:00:00', '2024-07-09 17:10:00', 'terminée',  'Paris',      'Nice',         930),
(28, '2024-07-16 10:00:00', '2024-07-16 18:00:00', 'annulée',   'Paris',      'Strasbourg',   490),
(29, '2024-07-23 08:45:00', '2024-07-23 12:45:00', 'planifiée', 'Lyon',       'Grenoble',     110),
(30, '2024-07-30 07:50:00', '2024-07-30 14:35:00', 'en_cours',  'Paris',      'Lille',        225),
(31, '2024-08-06 09:00:00', '2024-08-06 15:40:00', 'terminée',  'Marseille',  'Montpellier',  170),
(32, '2024-08-13 06:30:00', '2024-08-13 18:15:00', 'annulée',   'Paris',      'Bordeaux',     590),
(33, '2024-08-20 08:15:00', '2024-08-20 16:10:00', 'planifiée', 'Paris',      'Rennes',       350),
(34, '2024-08-27 09:30:00', '2024-08-27 14:45:00', 'en_cours',  'Lille',      'Nantes',       600),
(35, '2024-09-03 07:10:00', '2024-09-03 13:30:00', 'terminée',  'Paris',      'Dijon',        315),
(36, '2024-09-10 10:05:00', '2024-09-10 18:00:00', 'annulée',   'Bordeaux',   'Lyon',         540),
(37, '2024-09-17 08:00:00', '2024-09-17 14:00:00', 'planifiée', 'Paris',      'Strasbourg',   490),
(38, '2024-09-24 09:25:00', '2024-09-24 15:55:00', 'en_cours',  'Paris',      'Nice',         930),
(39, '2024-10-01 07:55:00', '2024-10-01 12:20:00', 'terminée',  'Lyon',       'Grenoble',     110),
(40, '2024-10-08 10:10:00', '2024-10-08 18:20:00', 'annulée',   'Marseille',  'Montpellier',  170),
(41, '2024-10-15 08:35:00', '2024-10-15 16:30:00', 'planifiée', 'Paris',      'Lille',        225),
(42, '2024-10-22 09:00:00', '2024-10-22 17:00:00', 'en_cours',  'Paris',      'Rennes',       350),
(43, '2024-10-29 07:40:00', '2024-10-29 13:35:00', 'terminée',  'Lille',      'Bordeaux',     790),
(44, '2024-11-05 10:00:00', '2024-11-05 19:00:00', 'annulée',   'Paris',      'Marseille',    775),
(45, '2024-11-12 08:20:00', '2024-11-12 15:40:00', 'planifiée', 'Paris',      'Toulouse',     680),
(46, '2025-01-07 08:10:00', '2025-01-07 12:50:00', 'en_cours',  'Bordeaux',   'Nantes',       330),
(47, '2025-01-14 09:00:00', '2025-01-14 16:10:00', 'terminée',  'Paris',      'Strasbourg',   490),
(48, '2025-01-21 06:50:00', '2025-01-21 15:30:00', 'annulée',   'Lyon',       'Nice',         470),
(49, '2025-01-28 07:20:00', '2025-01-28 13:20:00', 'planifiée', 'Paris',      'Lyon',         465),
(50, '2025-02-04 09:15:00', '2025-02-04 18:00:00', 'en_cours',  'Paris',      'Bordeaux',     590),
(51, '2025-02-11 08:15:00', '2025-02-11 14:45:00', 'terminée',  'Marseille',  'Montpellier',  170),
(52, '2025-02-18 10:00:00', '2025-02-18 17:20:00', 'annulée',   'Paris',      'Rennes',       350),
(53, '2025-02-25 07:35:00', '2025-02-25 12:25:00', 'planifiée', 'Lyon',       'Grenoble',     110),
(54, '2025-03-04 09:40:00', '2025-03-04 18:10:00', 'en_cours',  'Paris',      'Lille',        225),
(55, '2025-03-11 08:05:00', '2025-03-11 16:30:00', 'terminée',  'Bordeaux',   'Toulouse',     245),
(56, '2025-03-18 07:55:00', '2025-03-18 14:45:00', 'annulée',   'Paris',      'Marseille',    775),
(57, '2025-03-25 10:20:00', '2025-03-25 18:30:00', 'planifiée', 'Paris',      'Nice',         930),
(58, '2025-04-01 08:45:00', '2025-04-01 15:15:00', 'en_cours',  'Lille',      'Bordeaux',     790),
(59, '2025-04-08 09:30:00', '2025-04-08 13:30:00', 'terminée',  'Marseille',  'Nice',         200),
(60, '2025-04-15 07:10:00', '2025-04-15 13:50:00', 'annulée',   'Paris',      'Nantes',       380);

-- VEHICULES 
INSERT INTO VEHICULES
(id_veh, immatriculation, type_veh, capacite_veh)
VALUES
(1,  'AA-101-AA', 'camion',          18000),
(2,  'BB-202-BB', 'fourgon',          3500),
(3,  'CC-303-CC', 'camionnette',      1200),
(4,  'DD-404-DD', 'berline',            500),
(5,  'EE-505-EE', 'SUV',               700),
(6,  'FF-606-FF', 'van frigorifique', 3000),
(7,  'GG-707-GG', 'camion',          20000),
(8,  'HH-808-HH', 'fourgon',          3500),
(9,  'II-909-II', 'camionnette',      1400),
(10, 'JJ-010-JJ', 'berline',            450),
(11, 'KK-111-KK', 'SUV',               700),
(12, 'LL-212-LL', 'van frigorifique', 3200),
(13, 'MM-313-MM', 'camion',          16000),
(14, 'NN-414-NN', 'fourgon',          3000),
(15, 'OO-515-OO', 'camionnette',      1000),
(16, 'PP-616-PP', 'bus',             12000),
(17, 'QQ-717-QQ', 'pick-up',           800),
(18, 'RR-818-RR', 'camion',          22000),
(19, 'SS-919-SS', 'fourgon',          3500),
(20, 'TT-020-TT', 'camionnette',      1300),
(21, 'UV-121-UV', 'van',              2000),
(22, 'WX-222-WX', 'camion',          19000),
(23, 'YZ-323-YZ', 'fourgon',          2500),
(24, 'AB-424-BA', 'camionnette',      1100),
(25, 'CD-525-DC', 'berline',            450),
(26, 'EF-626-FE', 'SUV',               700),
(27, 'GH-727-HG', 'van frigorifique', 2800),
(28, 'IJ-828-JI', 'camion',          21000),
(29, 'KL-929-LK', 'fourgon',          3200),
(30, 'MN-030-NM', 'camionnette',      1200);

-- 3) CONDUCTEURS
INSERT INTO CONDUCTEURS
(num_permis, nom_cond, prenom_cond, date_nai_cond, date_embauche, type_permis, num_permis_formé)
VALUES
-- Mentors (1001..1008)
(1001, 'Martin',    'Paul',    '1982-03-14', '2015-06-01', 'C',  NULL),
(1002, 'Dubois',    'Marie',   '1985-07-22', '2017-03-15', 'B',  NULL),
(1003, 'Bernard',   'Luc',     '1979-11-05', '2012-09-10', 'D',  NULL),
(1004, 'Thomas',    'Nina',    '1990-01-30', '2019-01-20', 'E',  NULL),
(1005, 'Robert',    'Omar',    '1988-05-18', '2016-12-05', 'C',  NULL),
(1006, 'Richard',   'Yassine', '1983-08-09', '2014-05-23', 'B',  NULL),
(1007, 'Petit',     'Lina',    '1992-02-11', '2020-07-01', 'C',  NULL),
(1008, 'Durand',    'Sophie',  '1986-09-25', '2018-10-15', 'D',  NULL),
(1009, 'Leroy',     'Hugo',    '1994-04-17', '2021-02-01', 'C',  1001),
(1010, 'Moreau',    'Lea',     '1996-12-03', '2022-05-12', 'B',  1002),
(1011, 'Simon',     'Ilyes',   '1993-06-28', '2020-11-30', 'D',  1003),
(1012, 'Laurent',   'Aya',     '1997-03-19', '2021-08-19', 'C',  1005),
(1013, 'Michel',    'Noah',    '1995-10-10', '2022-03-03', 'E',  1004),
(1014, 'Garcia',    'Nora',    '1991-07-07', '2019-09-09', 'B',  1006),
(1015, 'David',     'Karim',   '1989-11-22', '2017-04-14', 'C',  1001),
(1016, 'Bertrand',  'Ismael',  '1998-02-05', '2023-01-02', 'D',  1008),
(1017, 'Roux',      'Chloe',   '1994-09-16', '2020-02-20', 'B',  1002),
(1018, 'Vincent',   'Adam',    '1992-05-21', '2019-06-06', 'C',  1007),
(1019, 'Muller',    'Sara',    '1993-03-13', '2020-10-10', 'E',  1004),
(1020, 'Lambert',   'Younes',  '1999-01-29', '2023-05-05', 'C',  1005),
(1021, 'Fontaine',  'Mila',    '1990-04-14', '2018-04-01', 'B',  1006),
(1022, 'Rousseau',  'Eliott',  '1991-01-19', '2019-09-01', 'C',  1001),
(1023, 'Gautier',   'Lise',    '1987-06-03', '2016-02-20', 'D',  1003),
(1024, 'Nguyen',    'Thierry', '1984-10-12', '2013-12-12', 'E',  1004),
(1025, 'Chevalier', 'Nadia',   '1990-12-22', '2020-01-15', 'B',  1002),
(1026, 'Lopez',     'Amine',   '1992-08-08', '2021-06-18', 'C',  1005),
(1027, 'Perez',     'Ines',    '1994-07-27', '2022-07-07', 'D',  1008),
(1028, 'Marchand',  'Rayan',   '1995-05-15', '2021-03-10', 'C',  1001),
(1029, 'Faure',     'Aya',     '1993-02-02', '2019-11-11', 'E',  1004),
(1030, 'Guerin',    'Zoe',     '1996-09-09', '2022-09-09', 'B',  1006);

--  CLIENTS 
INSERT INTO CLIENTS(id_cl, nom_cl, num_telephone_cl, num_rue_cl, nom_rue_cI, ville_cl)
VALUES
(1,  'Société Alpha',      612345678, 12, 'Rue de la Paix',        'Paris'),
(2,  'Entreprise Beta',    623456789, 5,  'Avenue Victor Hugo',    'Lyon'),
(3,  'Groupe Gamma',       634567890, 22, 'Boulevard Voltaire',    'Marseille'),
(4,  'SARL Delta',         645678901, 7,  'Rue Nationale',         'Lille'),
(5,  'EURL Epsilon',       656789012, 18, 'Rue de Brest',          'Rennes'),
(6,  'SAS Zeta',           667890123, 30, 'Cours de l\'Intendance','Bordeaux'),
(7,  'SA Eta',             678901234, 41, 'Rue de Strasbourg',     'Strasbourg'),
(8,  'SASU Theta',         689012345, 25, 'Rue de la République',  'Nantes'),
(9,  'SARL Iota',          690123456, 9,  'Rue de Metz',           'Toulouse'),
(10, 'SAS Kappa',          601234567, 14, 'Rue Foch',              'Nice'),
(11, 'Société Lambda',     611223344, 3,  'Rue d\'Italie',         'non_renseignée'),
(12, 'Entreprise Mu',      622334455, 16, 'Rue de Sèvres',         'non_renseignée'),
(13, 'Groupe Nu',          633445566, 27, 'Rue du Faubourg',       'Dijon'),
(14, 'SARL Xi',            644556677, 8,  'Rue du Palais',         'Grenoble'),
(15, 'EURL Omicron',       655667788, 19, 'Rue des Carmes',        'Nantes'),
(16, 'SAS Pi',             666778899, 6,  'Avenue Alsace',         'Strasbourg'),
(17, 'SA Rho',             677889900, 11, 'Rue Alsace-Lorraine',   'Toulouse'),
(18, 'SASU Sigma',         688990011, 13, 'Rue Sainte-Catherine',  'Bordeaux'),
(19, 'SARL Tau',           699100122, 2,  'Rue Paradis',           'Marseille'),
(20, 'SAS Upsilon',        611210321, 17, 'Rue de la Barre',       'Lille'),
(21, 'Société Phi',        622320431, 21, 'Rue Pénélope',          'non_renseignée'),
(22, 'Entreprise Chi',     633430541, 4,  'Rue Cassini',           'Lyon'),
(23, 'Groupe Psi',         644540651, 28, 'Rue Auguste Comte',     'Paris'),
(24, 'SARL Omega',         655650761, 10, 'Rue des Forges',        'Dijon'),
(25, 'SAS Atlas',          666760871, 12, 'Rue de l\'Abbé Grégoire','Paris'),
(26, 'SAS Neptune',        677870981, 33, 'Rue Franklin',          'Grenoble'),
(27, 'SARL Hera',          688981091, 29, 'Rue Léon Gambetta',     'Lille'),
(28, 'EURL Zeus',          699091101, 15, 'Rue du Languedoc',      'Toulouse'),
(29, 'SAS Chronos',        601101211, 20, 'Rue des Ayres',         'Bordeaux'),
(30, 'SAS Ouranos',        612121314, 26, 'Rue de la Juiverie',    'Nantes');


-- FACTURES

INSERT INTO FACTURES
(id_fact, montant_fact, date_emis, statut_paiem, montant_paye, id_cl, id_mis)
VALUES
(1,   1350.00, '2024-01-05', 'payée',         1350, 1,  1),
(2,   1420.00, '2024-01-12', 'en_attente',       0, 2,  2),
(3,   1490.00, '2024-01-20', 'avance_payée',   500, 3,  3),
(4,   1560.00, '2024-01-28', 'annulée',          0, 4,  4),
(5,   1630.00, '2024-02-03', 'payée',         1630, 5,  5),
(6,   1700.00, '2024-02-11', 'en_attente',       0, 6,  6),
(7,   1770.00, '2024-02-19', 'avance_payée',   600, 7,  7),
(8,   1840.00, '2024-02-27', 'annulée',          0, 8,  8),
(9,   1910.00, '2024-03-04', 'payée',         1910, 9,  9),
(10,  1980.00, '2024-03-10', 'en_attente',       0, 10, 10),
(11,  2050.00, '2024-03-18', 'avance_payée',   700, 1,  11),
(12,  2120.00, '2024-03-26', 'annulée',          0, 2,  12),
(13,  2190.00, '2024-04-02', 'payée',         2190, 3,  13),
(14,  2260.00, '2024-04-09', 'en_attente',       0, 4,  14),
(15,  2330.00, '2024-04-16', 'avance_payée',   800, 5,  15),
(16,  2400.00, '2024-04-23', 'annulée',          0, 6,  16),
(17,  2470.00, '2024-05-01', 'payée',         2470, 7,  17),
(18,  2540.00, '2024-05-08', 'en_attente',       0, 8,  18),
(19,  2610.00, '2024-05-15', 'avance_payée',   900, 9,  19),
(20,  2680.00, '2024-05-22', 'annulée',          0, 10, 20),
(21,  2750.00, '2024-05-29', 'payée',         2750, 1,  21),
(22,  2820.00, '2024-06-04', 'en_attente',       0, 2,  22),
(23,  2890.00, '2024-06-11', 'avance_payée',  1000, 3,  23),
(24,  2960.00, '2024-06-18', 'annulée',          0, 4,  24),
(25,  3030.00, '2024-06-25', 'payée',         3030, 5,  25),
(26,  3100.00, '2024-07-02', 'en_attente',       0, 6,  26),
(27,  3170.00, '2024-07-09', 'avance_payée',  1100, 7,  27),
(28,  3240.00, '2024-07-16', 'annulée',          0, 8,  28),
(29,  3310.00, '2024-07-23', 'payée',         3310, 9,  29),
(30,  3380.00, '2024-07-30', 'en_attente',       0, 10, 30),
(31,  3450.00, '2024-08-06', 'avance_payée',  1200, 1,  31),
(32,  3520.00, '2024-08-13', 'annulée',          0, 2,  32),
(33,  3590.00, '2024-08-20', 'payée',         3590, 3,  33),
(34,  3660.00, '2024-08-27', 'en_attente',       0, 4,  34),
(35,  3730.00, '2024-09-03', 'avance_payée',  1300, 5,  35),
(36,  3800.00, '2024-09-10', 'annulée',          0, 6,  36),
(37,  3870.00, '2024-09-17', 'payée',         3870, 7,  37),
(38,  3940.00, '2024-09-24', 'en_attente',       0, 8,  38),
(39,  4010.00, '2024-10-01', 'avance_payée',  1400, 9,  39),
(40,  4080.00, '2024-10-08', 'annulée',          0, 10, 40),
(41,  4150.00, '2024-10-15', 'payée',         4150, 1,  41),
(42,  4220.00, '2024-10-22', 'en_attente',       0, 2,  42),
(43,  4290.00, '2024-10-29', 'avance_payée',  1500, 3,  43),
(44,  4360.00, '2024-11-05', 'annulée',          0, 4,  44),
(45,  4430.00, '2024-11-12', 'payée',         4430, 5,  45),
(46,  4500.00, '2025-01-07', 'en_attente',       0, 6,  46),
(47,  4570.00, '2025-01-14', 'avance_payée',  1600, 7,  47),
(48,  4640.00, '2025-01-21', 'annulée',          0, 8,  48),
(49,  4710.00, '2025-01-28', 'payée',         4710, 9,  49),
(50,  4780.00, '2025-02-04', 'en_attente',       0, 10, 50),
(51,  1200.00, '2025-02-11', 'payée',         1200, 11, 51),
(52,  1250.00, '2025-02-18', 'en_attente',       0, 12, 52),
(53,  1300.00, '2025-02-25', 'avance_payée',   400, 13, 53),
(54,  1350.00, '2025-03-04', 'annulée',          0, 14, 54),
(55,  1400.00, '2025-03-11', 'payée',         1400, 15, 55),
(56,  1450.00, '2025-03-18', 'en_attente',       0, 16, 56),
(57,  1500.00, '2025-03-25', 'avance_payée',   500, 17, 57),
(58,  1550.00, '2025-04-01', 'annulée',          0, 18, 58),
(59,  1600.00, '2025-04-08', 'payée',         1600, 19, 59),
(60,  1650.00, '2025-04-15', 'en_attente',       0, 20, 60);

-- EQUIPEMENT
INSERT INTO EQUIPEMENT
(id_equip, poid_equi, volume_equip, valeur_equip, id_mis)
VALUES
(1,  250.50,  1.20,  3500.00, 1),  (2,  120.00, 0.80,  1500.00, 1),
(3,  800.00,  2.50,  6200.00, 2),  (4,  200.00, 1.10,  1800.00, 2),
(5,  150.00,  0.70,  900.00,  3),  (6,  90.00,  0.40,  600.00,  3),
(7,  500.00,  3.00,  7000.00, 4),  (8,  220.00, 1.30,  2200.00, 4),
(9,  300.00,  1.50,  2500.00, 5),  (10, 140.00, 0.90,  1300.00, 5),
(11, 450.00,  2.80,  5200.00, 6),  (12, 110.00, 0.60,  800.00,  6),
(13, 600.00,  3.50,  8400.00, 7),  (14, 200.00, 1.00,  2000.00, 7),
(15, 220.00,  1.40,  1800.00, 8),  (16,  95.00, 0.50,  700.00,  8),
(17, 160.00,  0.80,  1200.00, 9),  (18,  85.00, 0.45,  600.00,  9),
(19, 320.00,  1.60,  2600.00, 10), (20, 140.00, 0.70,  1100.00, 10),
(21, 180.00,  0.90,  1300.00, 11), (22,  70.00, 0.40,  500.00,  11),
(23, 260.00,  1.30,  2100.00, 12), (24, 100.00, 0.55,  700.00,  12),
(25, 700.00,  3.20,  9000.00, 13), (26, 220.00, 1.20,  2000.00, 13),
(27, 330.00,  1.70,  2700.00, 14), (28, 120.00, 0.70,  900.00,  14),
(29, 200.00,  1.00,  1400.00, 15), (30,  85.00, 0.50,  600.00,  15),
(31, 240.00,  1.10,  1600.00, 16), (32, 100.00, 0.60,  700.00,  16),
(33, 350.00,  1.90,  2900.00, 17), (34, 160.00, 0.80,  1200.00, 17),
(35, 400.00,  2.10,  3200.00, 18), (36, 170.00, 0.90,  1250.00, 18),
(37, 520.00,  2.60,  6000.00, 19), (38, 210.00, 1.10,  1700.00, 19),
(39, 580.00,  2.90,  6800.00, 20), (40, 230.00, 1.20,  1900.00, 20),
(41,  300.00, 1.50, 2400.00, 21),
(42,  280.00, 1.40, 2200.00, 22),
(43,  260.00, 1.30, 2000.00, 23),
(44,  240.00, 1.20, 1800.00, 24),
(45,  220.00, 1.10, 1600.00, 25),
(46,  200.00, 1.00, 1500.00, 26),
(47,  180.00, 0.90, 1300.00, 27),
(48,  160.00, 0.80, 1200.00, 28),
(49,  140.00, 0.70, 1000.00, 29),
(50,  120.00, 0.60,  900.00, 30),
(51,  300.00, 1.50, 2400.00, 31),
(52,  280.00, 1.40, 2200.00, 32),
(53,  260.00, 1.30, 2000.00, 33),
(54,  240.00, 1.20, 1800.00, 34),
(55,  220.00, 1.10, 1600.00, 35),
(56,  200.00, 1.00, 1500.00, 36),
(57,  180.00, 0.90, 1300.00, 37),
(58,  160.00, 0.80, 1200.00, 38),
(59,  140.00, 0.70, 1000.00, 39),
(60,  120.00, 0.60,  900.00, 40),
(61,  300.00, 1.50, 2400.00, 41),
(62,  280.00, 1.40, 2200.00, 42),
(63,  260.00, 1.30, 2000.00, 43),
(64,  240.00, 1.20, 1800.00, 44),
(65,  220.00, 1.10, 1600.00, 45),
(66,  200.00, 1.00, 1500.00, 46),
(67,  180.00, 0.90, 1300.00, 47),
(68,  160.00, 0.80, 1200.00, 48),
(69,  140.00, 0.70, 1000.00, 49),
(70,  120.00, 0.60,  900.00, 50),
(71,  300.00, 1.50, 2400.00, 51),
(72,  280.00, 1.40, 2200.00, 52),
(73,  260.00, 1.30, 2000.00, 53),
(74,  240.00, 1.20, 1800.00, 54),
(75,  220.00, 1.10, 1600.00, 55),
(76,  200.00, 1.00, 1500.00, 56),
(77,  180.00, 0.90, 1300.00, 57),
(78,  160.00, 0.80, 1200.00, 58),
(79,  140.00, 0.70, 1000.00, 59),
(80,  120.00, 0.60,  900.00, 60);

-- AFFECTER
INSERT INTO AFFECTER
(id_mis, id_veh, num_permis, date_affect)
VALUES
(1,  1,  1001, '2024-01-04'),
(2,  2,  1002, '2024-01-11'),
(3,  3,  1003, '2024-01-19'),
(4,  4,  1004, '2024-01-27'),
(5,  5,  1005, '2024-02-02'),
(6,  6,  1006, '2024-02-10'),
(7,  7,  1007, '2024-02-18'),
(8,  8,  1008, '2024-02-26'),
(9,  9,  1009, '2024-03-03'),
(10, 10, 1010, '2024-03-09'),
(11, 11, 1011, '2024-03-17'),
(12, 12, 1012, '2024-03-25'),
(13, 13, 1013, '2024-04-01'),
(14, 14, 1014, '2024-04-08'),
(15, 15, 1015, '2024-04-15'),
(16, 16, 1016, '2024-04-22'),
(17, 17, 1017, '2024-04-30'),
(18, 18, 1018, '2024-05-07'),
(19, 19, 1019, '2024-05-14'),
(20, 20, 1020, '2024-05-21'),
(21, 21, 1001, '2024-05-28'),
(22, 22, 1002, '2024-06-03'),
(23, 1,  1003, '2024-06-10'),
(24, 2,  1004, '2024-06-17'),
(25, 3,  1005, '2024-06-24'),
(26, 4,  1006, '2024-07-01'),
(27, 5,  1007, '2024-07-08'),
(28, 6,  1008, '2024-07-15'),
(29, 7,  1009, '2024-07-22'),
(30, 8,  1010, '2024-07-29'),
(31, 9,  1011, '2024-08-05'),
(32, 10, 1012, '2024-08-12'),
(33, 11, 1013, '2024-08-19'),
(34, 12, 1014, '2024-08-26'),
(35, 13, 1015, '2024-09-02'),
(36, 14, 1016, '2024-09-09'),
(37, 15, 1017, '2024-09-16'),
(38, 16, 1018, '2024-09-23'),
(39, 17, 1019, '2024-09-30'),
(40, 18, 1020, '2024-10-07'),
(41, 19, 1001, '2024-10-14'),
(42, 20, 1002, '2024-10-21'),
(43, 21, 1003, '2024-10-28'),
(44, 22, 1004, '2024-11-04'),
(45, 1,  1005, '2024-11-11'),
(46, 2,  1006, '2025-01-06'),
(47, 3,  1007, '2025-01-13'),
(48, 4,  1008, '2025-01-20'),
(49, 5,  1009, '2025-01-27'),
(50, 6,  1010, '2025-02-03');

-- commande

INSERT INTO COMMANDE (id_mis, id_cl, date_com, statut_com)
 VALUES
(1,  1,  '2024-01-03 10:00:00', 'confirmée'),
(2,  2,  '2024-01-11 09:00:00', 'confirmée'),
(3,  3,  '2024-01-19 11:30:00', 'confirmée'),
(4,  4,  '2024-01-26 16:45:00', 'annulée'),
(5,  5,  '2024-02-01 14:10:00', 'confirmée'),
(6,  6,  '2024-02-09 10:20:00', 'confirmée'),
(7,  7,  '2024-02-17 08:40:00', 'confirmée'),
(8,  8,  '2024-02-25 12:00:00', 'annulée'),
(9,  9,  '2024-03-02 09:35:00', 'confirmée'),
(10, 10, '2024-03-09 13:50:00', 'confirmée'),
(11, 1,  '2024-03-16 10:15:00', 'confirmée'),
(12, 2,  '2024-03-24 15:00:00', 'annulée'),
(13, 3,  '2024-03-31 11:05:00', 'confirmée'),
(14, 4,  '2024-04-07 09:10:00', 'confirmée'),
(15, 5,  '2024-04-14 12:40:00', 'confirmée'),
(16, 6,  '2024-04-21 16:20:00', 'annulée'),
(17, 7,  '2024-04-29 10:00:00', 'confirmée'),
(18, 8,  '2024-05-06 13:30:00', 'confirmée'),
(19, 9,  '2024-05-13 09:30:00', 'confirmée'),
(20, 10, '2024-05-20 15:40:00', 'annulée'),
(21, 1,  '2024-05-27 11:10:00', 'confirmée'),
(22, 2,  '2024-06-02 10:30:00', 'confirmée'),
(23, 3,  '2024-06-09 14:00:00', 'confirmée'),
(24, 4,  '2024-06-16 15:25:00', 'annulée'),
(25, 5,  '2024-06-23 09:55:00', 'confirmée'),
(26, 6,  '2024-06-30 11:45:00', 'confirmée'),
(27, 7,  '2024-07-07 10:50:00', 'confirmée'),
(28, 8,  '2024-07-14 12:00:00', 'annulée'),
(29, 9,  '2024-07-21 08:15:00', 'confirmée'),
(30, 10, '2024-07-28 09:05:00', 'confirmée'),
(31, 1,  '2024-08-04 10:25:00', 'confirmée'),
(32, 2,  '2024-08-11 11:15:00', 'annulée'),
(33, 3,  '2024-08-18 15:45:00', 'confirmée'),
(34, 4,  '2024-08-25 13:35:00', 'confirmée'),
(35, 5,  '2024-09-01 09:20:00', 'confirmée'),
(36, 6,  '2024-09-08 14:40:00', 'annulée'),
(37, 7,  '2024-09-15 10:10:00', 'confirmée'),
(38, 8,  '2024-09-22 12:30:00', 'confirmée'),
(39, 9,  '2024-09-29 11:55:00', 'confirmée'),
(40, 10, '2024-10-06 16:05:00', 'annulée'),
(41, 1,  '2024-10-13 09:45:00', 'confirmée'),
(42, 2,  '2024-10-20 13:05:00', 'confirmée'),
(43, 3,  '2024-10-27 10:35:00', 'confirmée'),
(44, 4,  '2024-11-03 15:15:00', 'annulée'),
(45, 5,  '2024-11-10 11:40:00', 'confirmée'),
(46, 6,  '2025-01-05 10:00:00', 'confirmée'),
(47, 7,  '2025-01-12 09:30:00', 'confirmée'),
(48, 8,  '2025-01-19 11:00:00', 'annulée'),
(49, 9,  '2025-01-26 14:20:00', 'confirmée'),
(50, 10, '2025-02-02 15:50:00', 'confirmée'),
(51, 11, '2025-02-10 10:10:00', 'confirmée'),
(52, 12, '2025-02-17 09:40:00', 'annulée'),
(53, 13, '2025-02-24 13:10:00', 'confirmée'),
(54, 14, '2025-03-03 15:30:00', 'annulée'),
(55, 15, '2025-03-10 11:25:00', 'confirmée'),
(56, 16, '2025-03-17 14:05:00', 'en_attente'),
(57, 17, '2025-03-24 10:35:00', 'confirmée'),
(58, 18, '2025-03-31 12:50:00', 'annulée'),
(59, 19, '2025-04-07 09:55:00', 'confirmée'),
(60, 20, '2025-04-14 11:15:00', 'confirmée');

